dispositivo,sessions,unique_users,avg_duration_seconds,avg_clicks,avg_pages,bounce_proxy_rate,abandono_rapido_rate,frustration_rate,engagement_score_avg
Mobile,36854,27685,114.81972106148586,3.4713735279752536,1.648097899820915,0.9163727139523525,0.7087154718619417,0.0295490313127476,-0.128515115081289
PC,28119,18445,235.26017994950033,5.038692698886874,1.8565382837227498,0.889683132401579,0.6729969060066148,0.03879938831395142,0.1803233959399533
Tablet,2437,1905,110.18916700861715,3.8970045137464093,1.4993844891259747,0.933935166187936,0.7997537956503898,0.03857201477226098,-0.13712030111408283
Email,3,3,101.66666666666667,3.0,1.0,1.0,1.0,0.0,-0.1769687952028384
Other,1,1,346.0,9.0,1.0,1.0,1.0,0.0,0.4755609709036586
